date,city,max_temperature_C,min_temperature_C,avg_temperature_C,avg_day_length_hours,avg_night_length_hours,avg_sunrise_time,avg_sunset_time,avg_AQI,AQI_category,PM2_5,PM10,avg_visibility_morning_km,avg_visibility_afternoon_km,avg_visibility_night_km,cloud_cover_%,uv_radiation_index,humidity_%,wind_speed_km_h,wind_direction,rainfall_mm,season,weather_condition,year,month,day,day_of_week
02-01-2023,Bangalore,27.94,17.77,22.86,11.25,12.75,06:22,17:37,67,Low,75.02,118.56,13.32,14.32,12.32,14,5.15,53.49,13.44,S,6.48,Winter,Clear,2023,1,2,Monday
06-01-2023,Bangalore,31.71,22.03,26.87,11.27,12.73,06:21,17:38,61,Low,56.23,97.58,13.47,14.47,12.47,54.78,1.88,68.78,5.97,SW,15.33,Winter,Clear,2023,1,6,Friday
11-01-2023,Bangalore,30.78,18.58,24.68,11.29,12.71,06:21,17:38,49,Low,54.79,104.3,13.78,14.78,12.78,60.78,2.78,64,17.49,E,6.34,Winter,Clear,2023,1,11,Wednesday
13-01-2023,Bangalore,33.51,19.24,26.37,11.3,12.7,06:20,17:39,34,Low,35.98,54,14.15,15.15,13.15,56.34,4.81,69.89,19.33,W,6.88,Winter,Clear,2023,1,13,Friday
20-01-2023,Bangalore,33.88,18.18,26.03,11.35,12.65,06:19,17:40,41,Low,44.94,84.17,13.97,14.97,12.97,64.47,3.1,55.22,16.75,NE,9.46,Winter,Clear,2023,1,20,Friday
23-01-2023,Bangalore,27.68,21.98,24.83,11.37,12.63,06:18,17:41,24,Low,30.14,58.35,14.4,15.4,13.4,25.97,3.49,31.85,11.3,SE,14.26,Winter,Clear,2023,1,23,Monday
28-01-2023,Bangalore,26.92,18.34,22.63,11.41,12.59,06:17,17:42,78,Low,95.49,175.2,13.05,14.05,12.05,42.58,2.3,32.12,13.82,SW,14.95,Winter,Clear,2023,1,28,Saturday
30-01-2023,Bangalore,27.61,24.85,26.23,11.43,12.57,06:17,17:42,51,Low,57.88,93.82,13.72,14.72,12.72,53.84,5.59,55.45,18.68,E,17.93,Winter,Clear,2023,1,30,Monday
03-02-2023,Bangalore,32.39,16.98,24.68,11.46,12.54,06:16,17:43,108,Moderate,105.9,169.65,12.3,13.3,11.3,41.96,4.19,60.36,19.3,SW,13.71,Winter,Clear,2023,2,3,Friday
06-02-2023,Bangalore,26.01,18.09,22.05,11.49,12.51,06:15,17:44,70,Low,85.02,168.52,13.25,14.25,12.25,13.14,5.54,32.23,15.82,SE,0.45,Winter,Clear,2023,2,6,Monday
12-02-2023,Bangalore,31.77,20.23,26,11.55,12.45,06:13,17:46,92,Low,100.38,158.38,12.7,13.7,11.7,35.17,2.58,34.42,5.53,S,9.8,Winter,Clear,2023,2,12,Sunday
14-02-2023,Bangalore,26.37,22.64,24.5,11.57,12.43,06:12,17:47,26,Low,31.62,62.21,14.35,15.35,13.35,66.47,5.34,65.94,9.31,NW,15.98,Winter,Clear,2023,2,14,Tuesday
15-02-2023,Bangalore,28.33,19.27,23.8,11.58,12.42,06:12,17:47,45,Low,42.54,64.28,13.88,14.88,12.88,65.62,4.33,54.35,15.36,SW,11.08,Winter,Clear,2023,2,15,Wednesday
19-02-2023,Bangalore,32.87,16.16,24.52,11.63,12.37,06:11,17:48,67,Low,62.41,123.84,13.32,14.32,12.32,61.43,1.24,48.08,7.23,SW,17.68,Winter,Clear,2023,2,19,Sunday
21-02-2023,Bangalore,29.14,19.83,24.49,11.65,12.35,06:10,17:49,45,Low,53.72,90.15,13.88,14.88,12.88,49.68,1.54,61.75,12.31,SW,9.78,Winter,Clear,2023,2,21,Tuesday
23-02-2023,Bangalore,31.98,20.3,26.14,11.67,12.33,06:09,17:50,71,Low,65.25,118.17,13.22,14.22,12.22,34.4,3.88,45.6,7.28,W,1.9,Winter,Clear,2023,2,23,Thursday
27-02-2023,Bangalore,26.77,17.85,22.31,11.72,12.28,06:08,17:51,115,Moderate,116.03,216.63,12.12,13.12,11.12,61.56,3.97,35.1,10.03,SW,16.34,Winter,Clear,2023,2,27,Monday
04-03-2023,Bangalore,33.16,23.03,28.09,11.78,12.22,06:06,17:53,115,Moderate,106.11,165.3,12.12,13.12,11.12,13.95,7.67,44.3,19.89,SE,19.19,Summer,Clear,2023,3,4,Saturday
06-03-2023,Bangalore,30.63,18.57,24.6,11.8,12.2,06:05,17:54,55,Low,55.94,91.1,13.62,14.62,12.62,51.03,10.17,68.62,9.39,S,8.39,Summer,Clear,2023,3,6,Monday
19-03-2023,Bangalore,25.79,19.88,22.84,11.96,12.04,06:01,17:58,63,Low,58.31,93.36,13.43,14.43,12.43,21.92,8.12,36.99,19.99,S,8.88,Summer,Clear,2023,3,19,Sunday
20-03-2023,Bangalore,27.68,18.29,22.98,11.98,12.02,06:00,17:59,77,Low,89.34,147.14,13.07,14.07,12.07,16.35,7.07,42.51,17.07,W,3.17,Summer,Clear,2023,3,20,Monday
21-03-2023,Bangalore,26.38,22.76,24.57,11.99,12.01,06:00,17:59,90,Low,101.78,180.04,12.75,13.75,11.75,46.08,9.62,59.47,5.13,NE,2.9,Summer,Clear,2023,3,21,Tuesday
04-04-2023,Bangalore,34.28,15.66,24.97,12.16,11.84,05:55,18:04,50,Low,63.01,107.21,13.75,14.75,12.75,59.4,10.52,60.11,12.32,W,9.94,Summer,Clear,2023,4,4,Tuesday
08-04-2023,Bangalore,31.31,15.8,23.55,12.21,11.79,05:53,18:06,67,Low,73.92,116.61,13.32,14.32,12.32,44.3,10.61,46.94,10.92,S,6.59,Summer,Clear,2023,4,8,Saturday
09-04-2023,Bangalore,34.81,22.59,28.7,12.22,11.78,05:53,18:06,63,Low,76.03,138.53,13.43,14.43,12.43,69.16,9.55,53.29,17.51,NW,16.89,Summer,Clear,2023,4,9,Sunday
12-04-2023,Bangalore,33,18.45,25.73,12.26,11.74,05:52,18:07,50,Low,53.36,91.53,13.75,14.75,12.75,42.55,10.91,65.78,17.15,SE,4.8,Summer,Clear,2023,4,12,Wednesday
13-04-2023,Bangalore,30.56,24.47,27.51,12.27,11.73,05:51,18:08,68,Low,75.44,146.62,13.3,14.3,12.3,42.8,9.21,46.73,12.45,NW,7.57,Summer,Clear,2023,4,13,Thursday
16-04-2023,Bangalore,28.06,24.27,26.17,12.3,11.7,05:50,18:09,82,Low,82.97,141.37,12.95,13.95,11.95,39.97,7.45,68.43,11.61,SE,15.36,Summer,Clear,2023,4,16,Sunday
18-04-2023,Bangalore,29.79,23.97,26.88,12.33,11.67,05:50,18:09,61,Low,65.53,129.53,13.47,14.47,12.47,63.93,10.72,30.33,19.42,W,19.48,Summer,Clear,2023,4,18,Tuesday
19-04-2023,Bangalore,25.13,16.72,20.92,12.34,11.66,05:49,18:10,72,Low,88.84,134.39,13.2,14.2,12.2,42.75,7.14,50.5,7.56,N,4.42,Summer,Clear,2023,4,19,Wednesday
21-04-2023,Bangalore,30,20.94,25.47,12.36,11.64,05:49,18:10,46,Low,43.36,73.68,13.85,14.85,12.85,62.9,8.58,69.49,15.3,SE,19.98,Summer,Clear,2023,4,21,Friday
26-04-2023,Bangalore,29.17,21.49,25.33,12.42,11.58,05:47,18:12,55,Low,57.85,104.31,13.62,14.62,12.62,10.71,8.17,61.63,5.09,NW,0.49,Summer,Clear,2023,4,26,Wednesday
27-04-2023,Bangalore,28.76,15.63,22.2,12.43,11.57,05:47,18:12,105,Moderate,112.22,191.65,12.38,13.38,11.38,57.06,9.59,55.1,16.22,NW,7,Summer,Clear,2023,4,27,Thursday
28-04-2023,Bangalore,34.06,23.64,28.85,12.44,11.56,05:46,18:13,89,Low,90.67,145.73,12.78,13.78,11.78,59.98,9.97,58.69,17.7,NE,10.12,Summer,Clear,2023,4,28,Friday
29-04-2023,Bangalore,25.64,15.32,20.48,12.45,11.55,05:46,18:13,55,Low,53.27,103.88,13.62,14.62,12.62,53.6,10.77,58.03,17.48,NW,13.65,Summer,Clear,2023,4,29,Saturday
30-04-2023,Bangalore,31.23,21.66,26.45,12.46,11.54,05:46,18:13,45,Low,49.24,90.04,13.88,14.88,12.88,40.61,10.91,62.26,9.23,E,3.06,Summer,Clear,2023,4,30,Sunday
09-05-2023,Bangalore,29.81,19.48,24.64,12.55,11.45,05:43,18:16,36,Low,40.87,70.01,14.1,15.1,13.1,24,9.94,41.29,5.46,S,3.21,Summer,Clear,2023,5,9,Tuesday
10-05-2023,Bangalore,31.17,22.61,26.89,12.56,11.44,05:43,18:16,74,Low,73.27,144.02,13.15,14.15,12.15,56.64,10.33,37.88,10.42,SE,14.96,Summer,Clear,2023,5,10,Wednesday
20-05-2023,Bangalore,27.13,18.85,22.99,12.64,11.36,05:40,18:19,98,Low,96.56,165.01,12.55,13.55,11.55,25.19,8,62.24,13.86,NW,2.27,Summer,Clear,2023,5,20,Saturday
29-05-2023,Bangalore,25.7,15.26,20.48,12.7,11.3,05:39,18:20,57,Low,53.49,94.63,13.57,14.57,12.57,12.22,9.14,49.62,15.57,S,16.93,Summer,Clear,2023,5,29,Monday
01-06-2023,Bangalore,28.39,16.11,22.25,12.71,11.29,05:38,18:21,49,Low,55.07,103.85,13.78,14.78,12.78,66.54,3.18,74.59,11.78,S,171.8,Monsoon,Storm,2023,6,1,Thursday
02-06-2023,Bangalore,25.16,16.17,20.67,12.72,11.28,05:38,18:21,42,Low,46.64,72.61,13.95,14.95,12.95,85.1,1.67,80.28,9.85,SE,194.69,Monsoon,Storm,2023,6,2,Friday
08-06-2023,Bangalore,25.23,20,22.62,12.74,11.26,05:37,18:22,75,Low,73.52,116.09,13.12,14.12,12.12,65.88,3.76,75.17,16.29,W,123.9,Monsoon,Rainy,2023,6,8,Thursday
10-06-2023,Bangalore,27.82,17.19,22.5,12.75,11.25,05:37,18:22,76,Low,76.97,121.44,13.1,14.1,12.1,61.46,4.1,67.61,9.41,SW,140.8,Monsoon,Rainy,2023,6,10,Saturday
17-06-2023,Bangalore,25.86,22.59,24.23,12.76,11.24,05:37,18:22,50,Low,58.26,100.78,13.75,14.75,12.75,98.72,2.71,74.04,7.05,NE,144.1,Monsoon,Rainy,2023,6,17,Saturday
20-06-2023,Bangalore,29.17,18.85,24.01,12.76,11.24,05:37,18:22,76,Low,78.08,149.99,13.1,14.1,12.1,60.33,4.9,84.66,15,NW,59.23,Monsoon,Rainy,2023,6,20,Tuesday
25-06-2023,Bangalore,28.09,17.92,23.01,12.76,11.24,05:37,18:22,92,Low,101.84,192.66,12.7,13.7,11.7,60.33,1.41,81.79,6.89,W,94.84,Monsoon,Rainy,2023,6,25,Sunday
26-06-2023,Bangalore,26.85,20.12,23.49,12.76,11.24,05:37,18:22,97,Low,119.3,217.88,12.57,13.57,11.57,65.77,5.6,79.9,11.61,S,128.84,Monsoon,Rainy,2023,6,26,Monday
27-06-2023,Bangalore,34.95,19.2,27.07,12.76,11.24,05:37,18:22,79,Low,84.72,131.51,13.03,14.03,12.03,91.36,3.07,90.07,15.85,W,85.81,Monsoon,Rainy,2023,6,27,Tuesday
30-06-2023,Bangalore,33.33,17.01,25.17,12.75,11.25,05:37,18:22,70,Low,70.68,130.48,13.25,14.25,12.25,63.94,5.58,71.73,13.4,S,157.45,Monsoon,Storm,2023,6,30,Friday
01-07-2023,Bangalore,26.54,22.93,24.74,12.75,11.25,05:37,18:22,117,Moderate,112.34,178.04,12.07,13.07,11.07,96.57,2.24,93.15,10.34,E,189.98,Monsoon,Storm,2023,7,1,Saturday
03-07-2023,Bangalore,25.07,15.61,20.34,12.75,11.25,05:37,18:22,58,Low,68.6,116.59,13.55,14.55,12.55,93.95,1.49,70.24,13.98,E,109.32,Monsoon,Rainy,2023,7,3,Monday
17-07-2023,Bangalore,30.03,15.52,22.77,12.68,11.32,05:39,18:20,103,Moderate,114.8,202.46,12.43,13.43,11.43,60.82,2.82,75.16,12.97,NE,73.72,Monsoon,Rainy,2023,7,17,Monday
18-07-2023,Bangalore,33.72,21.87,27.8,12.68,11.32,05:39,18:20,37,Low,40.04,63.02,14.07,15.07,13.07,92.2,0.66,65.84,17.46,S,79.36,Monsoon,Rainy,2023,7,18,Tuesday
20-07-2023,Bangalore,26.44,24.75,25.59,12.66,11.34,05:40,18:19,70,Low,84.35,157.52,13.25,14.25,12.25,86.12,2.11,90.18,15.82,SE,179.32,Monsoon,Storm,2023,7,20,Thursday
22-07-2023,Bangalore,25.06,20.92,22.99,12.65,11.35,05:40,18:19,88,Low,106.27,178.36,12.8,13.8,11.8,64.29,2.03,86.81,7.21,SW,113.13,Monsoon,Rainy,2023,7,22,Saturday
25-07-2023,Bangalore,32.97,15.63,24.3,12.63,11.37,05:41,18:18,94,Low,91.79,154.51,12.65,13.65,11.65,72.58,3.03,68.44,8.99,S,194.66,Monsoon,Storm,2023,7,25,Tuesday
28-07-2023,Bangalore,27.15,23.25,25.2,12.6,11.4,05:41,18:18,104,Moderate,118.84,211.35,12.4,13.4,11.4,90.48,2.92,70.1,18.13,N,109.78,Monsoon,Rainy,2023,7,28,Friday
02-08-2023,Bangalore,25.27,20.62,22.94,12.56,11.44,05:43,18:16,51,Low,49.28,82.32,13.72,14.72,12.72,86.18,3.46,84.15,16.63,NW,78.81,Monsoon,Rainy,2023,8,2,Wednesday
04-08-2023,Bangalore,33.04,20.32,26.68,12.54,11.46,05:43,18:16,45,Low,46.81,80.18,13.88,14.88,12.88,75.76,1.4,83.23,7.52,N,151.76,Monsoon,Storm,2023,8,4,Friday
07-08-2023,Bangalore,31.94,21.45,26.7,12.51,11.49,05:44,18:15,80,Low,91.86,154.91,13,14,12,78.22,2.44,88.21,10.6,NE,163.96,Monsoon,Storm,2023,8,7,Monday
08-08-2023,Bangalore,32.02,23.36,27.69,12.5,11.5,05:44,18:15,86,Low,91.94,161.48,12.85,13.85,11.85,82.35,2.47,85.39,6.45,NW,146.35,Monsoon,Rainy,2023,8,8,Tuesday
10-08-2023,Bangalore,34.52,22.91,28.71,12.48,11.52,05:45,18:14,51,Low,63.65,113.39,13.72,14.72,12.72,87.59,3.16,72.52,13.39,E,56.18,Monsoon,Rainy,2023,8,10,Thursday
12-08-2023,Bangalore,30.32,19.02,24.67,12.46,11.54,05:46,18:13,45,Low,44.54,69.45,13.88,14.88,12.88,86.38,3.34,78.75,6.35,SW,189.13,Monsoon,Storm,2023,8,12,Saturday
15-08-2023,Bangalore,32.7,21.17,26.94,12.43,11.57,05:47,18:12,84,Low,83.88,138.08,12.9,13.9,11.9,81.34,0.9,68.39,18.09,NW,169.22,Monsoon,Storm,2023,8,15,Tuesday
18-08-2023,Bangalore,30.08,23.08,26.58,12.4,11.6,05:48,18:11,51,Low,63.13,98.64,13.72,14.72,12.72,82.41,0.67,72.33,12.81,SW,92.23,Monsoon,Rainy,2023,8,18,Friday
19-08-2023,Bangalore,28.92,20.77,24.84,12.39,11.61,05:48,18:11,102,Moderate,93.22,169.38,12.45,13.45,11.45,76.99,1.85,77.89,14.96,NW,70.74,Monsoon,Rainy,2023,8,19,Saturday
26-08-2023,Bangalore,29.9,20.17,25.04,12.31,11.69,05:50,18:09,74,Low,68.91,137.54,13.15,14.15,12.15,93.59,3.59,68.35,9.39,SE,96.16,Monsoon,Rainy,2023,8,26,Saturday
27-08-2023,Bangalore,28.58,24.42,26.5,12.3,11.7,05:51,18:08,91,Low,94,154.9,12.72,13.72,11.72,89.67,2.81,89.35,7.67,S,191.63,Monsoon,Storm,2023,8,27,Sunday
30-08-2023,Bangalore,33.25,17.76,25.5,12.26,11.74,05:52,18:07,120,Moderate,113.73,191.34,12,13,11,64.28,4.3,80.44,17.54,W,89.94,Monsoon,Rainy,2023,8,30,Wednesday
04-09-2023,Bangalore,32.18,20.23,26.21,12.2,11.8,05:53,18:06,34,Low,34.06,66.99,14.15,15.15,13.15,89.91,1.92,88.84,16,N,161.88,Monsoon,Storm,2023,9,4,Monday
05-09-2023,Bangalore,31.25,23.54,27.4,12.19,11.81,05:54,18:05,93,Low,102.22,155.45,12.68,13.68,11.68,84.06,3.22,68.06,6.8,NW,55.21,Monsoon,Rainy,2023,9,5,Tuesday
09-09-2023,Bangalore,29.51,24.11,26.81,12.14,11.86,05:55,18:04,106,Moderate,103.29,181.77,12.35,13.35,11.35,64.99,1.94,69.74,10.26,N,128.4,Monsoon,Rainy,2023,9,9,Saturday
27-09-2023,Bangalore,34.31,23,28.65,11.92,12.08,06:02,17:57,60,Low,68.95,120.43,13.5,14.5,12.5,69.56,1.21,89.08,14.36,S,155.65,Monsoon,Storm,2023,9,27,Wednesday
29-09-2023,Bangalore,30.63,19.02,24.82,11.89,12.11,06:03,17:56,76,Low,87.95,156.14,13.1,14.1,12.1,95.21,3.48,77.84,18.4,SW,109.66,Monsoon,Rainy,2023,9,29,Friday
02-10-2023,Bangalore,32.19,20.85,26.52,11.86,12.14,06:04,17:55,80,Low,92.03,181.27,13,14,12,87.17,1.36,85.69,13.8,S,130.27,Monsoon,Rainy,2023,10,2,Monday
04-10-2023,Bangalore,32.96,19.75,26.35,11.83,12.17,06:04,17:55,109,Moderate,101.4,170.34,12.28,13.28,11.28,61.25,1.85,82.88,14.49,E,130.09,Monsoon,Rainy,2023,10,4,Wednesday
10-10-2023,Bangalore,29.2,20.08,24.64,11.76,12.24,06:07,17:52,36,Low,35.67,68.38,14.1,15.1,13.1,92.73,2.52,84.03,9.66,S,77.8,Monsoon,Rainy,2023,10,10,Tuesday
12-10-2023,Bangalore,31.56,17.1,24.33,11.74,12.26,06:07,17:52,56,Low,58.64,95,13.6,14.6,12.6,73.34,1.26,93,12.45,S,66.23,Monsoon,Rainy,2023,10,12,Thursday
13-10-2023,Bangalore,27.77,20.35,24.06,11.73,12.27,06:08,17:51,53,Low,61.37,96.1,13.68,14.68,12.68,90.83,2.47,65.91,14.02,NE,115.77,Monsoon,Rainy,2023,10,13,Friday
14-10-2023,Bangalore,30.46,20.9,25.68,11.71,12.29,06:08,17:51,92,Low,114.12,171.67,12.7,13.7,11.7,67.25,4.36,70.02,11.89,SW,78.72,Monsoon,Rainy,2023,10,14,Saturday
16-10-2023,Bangalore,34.92,17.27,26.09,11.69,12.31,06:09,17:50,60,Low,57.97,115.49,13.5,14.5,12.5,93.73,2.04,81.64,8.09,SE,120.47,Monsoon,Rainy,2023,10,16,Monday
18-10-2023,Bangalore,33.28,20.38,26.83,11.67,12.33,06:09,17:50,40,Low,43.77,76.73,14,15,13,95.01,2.14,68.78,11.07,SW,181.53,Monsoon,Storm,2023,10,18,Wednesday
21-10-2023,Bangalore,26.62,22.01,24.31,11.63,12.37,06:10,17:49,98,Low,113.41,191.41,12.55,13.55,11.55,60.15,4.16,88.89,13.95,NW,133.23,Monsoon,Rainy,2023,10,21,Saturday
27-10-2023,Bangalore,28.18,19.51,23.85,11.57,12.43,06:12,17:47,51,Low,52.23,98.97,13.72,14.72,12.72,71.66,3.07,76.78,11.77,S,129.91,Monsoon,Rainy,2023,10,27,Friday
28-10-2023,Bangalore,30.01,20.21,25.11,11.56,12.44,06:13,17:46,58,Low,70.35,114.54,13.55,14.55,12.55,68.94,1.28,87.72,16.96,N,64.78,Monsoon,Rainy,2023,10,28,Saturday
31-10-2023,Bangalore,26.54,21.25,23.9,11.53,12.47,06:14,17:45,55,Low,60.48,94.54,13.62,14.62,12.62,80.54,1.02,90.23,8.55,W,52.22,Monsoon,Rainy,2023,10,31,Tuesday
01-11-2023,Bangalore,29.48,16.89,23.18,11.52,12.48,06:14,17:45,56,Low,54.17,95.74,13.6,14.6,12.6,95.07,1.25,86.51,17.11,E,110.28,Monsoon,Rainy,2023,11,1,Wednesday
05-11-2023,Bangalore,32.57,18.57,25.57,11.48,12.52,06:15,17:44,104,Moderate,119.06,194.22,12.4,13.4,11.4,73.23,1.14,78.04,16.48,SE,165.84,Monsoon,Storm,2023,11,5,Sunday
10-11-2023,Bangalore,32.86,20.67,26.76,11.43,12.57,06:17,17:42,100,Low,116.16,192.72,12.5,13.5,11.5,69,1.38,87.75,17.16,NW,151.62,Monsoon,Storm,2023,11,10,Friday
11-11-2023,Bangalore,34.77,21.45,28.11,11.42,12.58,06:17,17:42,58,Low,55.01,109.92,13.55,14.55,12.55,92.63,3.4,89.76,17.61,SE,127.01,Monsoon,Rainy,2023,11,11,Saturday
19-11-2023,Bangalore,31.44,21.09,26.26,11.36,12.64,06:19,17:40,74,Low,72.06,130.67,13.15,14.15,12.15,82.95,1.93,79.02,15.03,NE,195.36,Monsoon,Storm,2023,11,19,Sunday
23-11-2023,Bangalore,31.3,15.18,23.24,11.33,12.67,06:20,17:39,63,Low,78.7,121.54,13.43,14.43,12.43,73.63,0.79,72.76,7.69,NE,168.68,Monsoon,Storm,2023,11,23,Thursday
25-11-2023,Bangalore,32.66,19.94,26.3,11.32,12.68,06:20,17:39,96,Low,109.26,185.59,12.6,13.6,11.6,82.2,3.31,86.38,14.03,E,102.14,Monsoon,Rainy,2023,11,25,Saturday
30-11-2023,Bangalore,29.93,22.86,26.39,11.29,12.71,06:21,17:38,100,Low,115.28,193.43,12.5,13.5,11.5,99.57,1.99,79.97,6.11,NE,142.43,Monsoon,Rainy,2023,11,30,Thursday
03-12-2023,Bangalore,34.77,23.44,29.1,11.28,12.72,06:21,17:38,41,Low,46.04,89.89,13.97,14.97,12.97,41.81,1.69,66.26,10.54,E,7.54,Winter,Clear,2023,12,3,Sunday
07-12-2023,Bangalore,32.22,16.74,24.48,11.26,12.74,06:22,17:37,75,Low,83.12,153.58,13.12,14.12,12.12,38.33,2.91,65.37,8.77,N,13.88,Winter,Clear,2023,12,7,Thursday
13-12-2023,Bangalore,31.04,23.8,27.42,11.24,12.76,06:22,17:37,54,Low,59.22,100.56,13.65,14.65,12.65,59.33,2.48,39.14,15.58,N,11.22,Winter,Clear,2023,12,13,Wednesday
16-12-2023,Bangalore,30.13,20.86,25.5,11.24,12.76,06:22,17:37,39,Low,46.16,86.21,14.03,15.03,13.03,52.56,1.25,51.87,6.04,W,2.27,Winter,Clear,2023,12,16,Saturday
18-12-2023,Bangalore,33.03,23.09,28.06,11.24,12.76,06:22,17:37,48,Low,52.08,94.14,13.8,14.8,12.8,14.79,4.89,64.52,12.4,SE,12.65,Winter,Clear,2023,12,18,Monday
21-12-2023,Bangalore,30.64,21.54,26.09,11.24,12.76,06:22,17:37,91,Low,113.04,172.76,12.72,13.72,11.72,52.9,4.07,69.46,5.71,SE,3.57,Winter,Clear,2023,12,21,Thursday
24-12-2023,Bangalore,33.79,23.13,28.46,11.24,12.76,06:22,17:37,73,Low,89.83,149.98,13.18,14.18,12.18,15.65,4.17,58.79,9.3,W,11.6,Winter,Clear,2023,12,24,Sunday
29-12-2023,Bangalore,32.64,20.4,26.52,11.24,12.76,06:22,17:37,38,Low,41.61,73.38,14.05,15.05,13.05,10.66,2.56,63.66,5.19,NW,3.61,Winter,Clear,2023,12,29,Friday
04-01-2024,Bangalore,25.96,17.97,21.97,11.26,12.74,06:22,17:37,28,Low,34.88,62.73,14.3,15.3,13.3,13.56,2.53,32.11,18.45,N,14.03,Winter,Clear,2024,1,4,Thursday
09-01-2024,Bangalore,31.41,22.7,27.06,11.28,12.72,06:21,17:38,34,Low,42.74,81.93,14.15,15.15,13.15,32.51,5.92,54.64,5.46,SW,4.26,Winter,Clear,2024,1,9,Tuesday
11-01-2024,Bangalore,34.99,21.24,28.11,11.29,12.71,06:21,17:38,70,Low,80.28,122.81,13.25,14.25,12.25,49.7,6,44.17,8.95,E,18.49,Winter,Clear,2024,1,11,Thursday
13-01-2024,Bangalore,30.76,21.96,26.36,11.3,12.7,06:20,17:39,41,Low,44.82,70.56,13.97,14.97,12.97,14.17,5.86,58.57,5.21,NE,7.72,Winter,Clear,2024,1,13,Saturday
18-01-2024,Bangalore,31.01,20.63,25.82,11.33,12.67,06:19,17:40,43,Low,42.12,66.37,13.93,14.93,12.93,36.28,2.77,41.32,6.09,SW,17.75,Winter,Clear,2024,1,18,Thursday
19-01-2024,Bangalore,31.73,23.25,27.49,11.34,12.66,06:19,17:40,47,Low,57.44,114.6,13.82,14.82,12.82,36.8,3.29,47.93,8.88,NE,13.24,Winter,Clear,2024,1,19,Friday
20-01-2024,Bangalore,32.16,22.22,27.19,11.35,12.65,06:19,17:40,49,Low,55.42,106.27,13.78,14.78,12.78,20.12,2.58,34.84,13.91,SE,14.5,Winter,Clear,2024,1,20,Saturday
23-01-2024,Bangalore,31.46,18.96,25.21,11.37,12.63,06:18,17:41,37,Low,37.01,62.42,14.07,15.07,13.07,10.47,4.76,36.41,6.6,NE,13.42,Winter,Clear,2024,1,23,Tuesday
24-01-2024,Bangalore,25.82,15.03,20.43,11.38,12.62,06:18,17:41,68,Low,68.93,120.75,13.3,14.3,12.3,20.16,5.16,58.42,13.58,SE,5.92,Winter,Clear,2024,1,24,Wednesday
02-02-2024,Bangalore,30.84,17.1,23.97,11.45,12.55,06:16,17:43,36,Low,36.67,63.53,14.1,15.1,13.1,68.82,3.73,68.02,19.25,NE,1.9,Winter,Clear,2024,2,2,Friday
03-02-2024,Bangalore,26.79,15.25,21.02,11.46,12.54,06:16,17:43,27,Low,33.55,60.17,14.32,15.32,13.32,28.28,5.11,35.68,8.28,E,19.17,Winter,Clear,2024,2,3,Saturday
08-02-2024,Bangalore,27.43,21.42,24.43,11.51,12.49,06:14,17:45,48,Low,54.85,88.23,13.8,14.8,12.8,59.93,2.42,68.64,10.45,NE,9.81,Winter,Clear,2024,2,8,Thursday
09-02-2024,Bangalore,29.65,24.79,27.22,11.52,12.48,06:14,17:45,46,Low,45.52,76.41,13.85,14.85,12.85,23.64,2.13,36.23,5.31,W,19.28,Winter,Clear,2024,2,9,Friday
11-02-2024,Bangalore,31.04,21.71,26.37,11.54,12.46,06:13,17:46,69,Low,84.23,129.34,13.28,14.28,12.28,57.19,1.8,41.61,5.66,S,4.21,Winter,Clear,2024,2,11,Sunday
12-02-2024,Bangalore,28.94,19.16,24.05,11.55,12.45,06:13,17:46,58,Low,70.58,135.05,13.55,14.55,12.55,28.6,5.66,43.52,8.73,E,14.08,Winter,Clear,2024,2,12,Monday
18-02-2024,Bangalore,31.43,17.75,24.59,11.62,12.38,06:11,17:48,80,Low,75.64,143.2,13,14,12,24.93,4.31,53.29,15.65,N,16.77,Winter,Clear,2024,2,18,Sunday
23-02-2024,Bangalore,25.11,19.39,22.25,11.67,12.33,06:09,17:50,94,Low,105.89,184.76,12.65,13.65,11.65,22.39,4.44,36.24,10.29,N,17.44,Winter,Clear,2024,2,23,Friday
26-02-2024,Bangalore,32.13,16.58,24.35,11.71,12.29,06:08,17:51,57,Low,52.7,83.18,13.57,14.57,12.57,10.85,1.77,43.49,11.32,NE,8.11,Winter,Clear,2024,2,26,Monday
01-03-2024,Bangalore,25.69,20.11,22.9,11.76,12.24,06:07,17:52,70,Low,70.95,133.64,13.25,14.25,12.25,53.61,9.83,38.99,7.3,NE,8.92,Summer,Clear,2024,3,1,Friday
17-03-2024,Bangalore,34.15,15.64,24.9,11.95,12.05,06:01,17:58,37,Low,34.95,55.7,14.07,15.07,13.07,23.67,8.96,61.52,10.37,E,10.4,Summer,Clear,2024,3,17,Sunday
23-03-2024,Bangalore,33.28,15.23,24.25,12.02,11.98,05:59,18:00,54,Low,51.95,81.88,13.65,14.65,12.65,36.97,10.89,46.17,17.75,SW,9.35,Summer,Clear,2024,3,23,Saturday
26-03-2024,Bangalore,32.06,17.9,24.98,12.06,11.94,05:58,18:01,41,Low,44.87,87.97,13.97,14.97,12.97,65.07,8.55,48.84,13.44,NE,5.58,Summer,Clear,2024,3,26,Tuesday
28-03-2024,Bangalore,33.03,19.27,26.15,12.09,11.91,05:57,18:02,55,Low,51.02,101.9,13.62,14.62,12.62,27.69,10.65,57.53,9.13,NW,16.87,Summer,Clear,2024,3,28,Thursday
03-04-2024,Bangalore,33.01,24.18,28.6,12.16,11.84,05:55,18:04,87,Low,84.27,160.24,12.82,13.82,11.82,15.61,9.03,56.72,7.43,SE,3.86,Summer,Clear,2024,4,3,Wednesday
04-04-2024,Bangalore,29.16,23.33,26.25,12.17,11.83,05:54,18:05,114,Moderate,118.85,197.16,12.15,13.15,11.15,38.72,9.8,68.18,18.83,NW,10.23,Summer,Clear,2024,4,4,Thursday
06-04-2024,Bangalore,28.73,24.02,26.38,12.2,11.8,05:54,18:05,99,Low,112.57,221.24,12.53,13.53,11.53,31.55,9.4,64.82,6.77,NW,8.01,Summer,Clear,2024,4,6,Saturday
09-04-2024,Bangalore,25.56,19.12,22.34,12.23,11.77,05:53,18:06,79,Low,82.1,139.27,13.03,14.03,12.03,48.97,8.7,57.43,11.37,SW,10.3,Summer,Clear,2024,4,9,Tuesday
16-04-2024,Bangalore,26.41,20.13,23.27,12.31,11.69,05:50,18:09,74,Low,82.85,144.01,13.15,14.15,12.15,64.87,7.08,32.99,19.44,S,14.43,Summer,Clear,2024,4,16,Tuesday
19-04-2024,Bangalore,29.62,19.13,24.38,12.35,11.65,05:49,18:10,46,Low,53.08,79.89,13.85,14.85,12.85,29.14,10.07,56.39,8.1,W,2.19,Summer,Clear,2024,4,19,Friday
21-04-2024,Bangalore,34,20.23,27.12,12.37,11.63,05:48,18:11,34,Low,40.31,68.54,14.15,15.15,13.15,50.31,10.65,50.25,12.53,N,3.99,Summer,Clear,2024,4,21,Sunday
07-05-2024,Bangalore,34.66,24.42,29.54,12.54,11.46,05:43,18:16,90,Low,107.86,188.75,12.75,13.75,11.75,35.31,7.59,55.91,12.18,SW,4.36,Summer,Clear,2024,5,7,Tuesday
10-05-2024,Bangalore,25.17,22.34,23.76,12.56,11.44,05:43,18:16,38,Low,36.62,66.45,14.05,15.05,13.05,56.74,8.04,50.75,7.44,NW,2.65,Summer,Clear,2024,5,10,Friday
23-05-2024,Bangalore,28.37,20.55,24.46,12.67,11.33,05:40,18:19,76,Low,81.78,128.01,13.1,14.1,12.1,28.81,10.35,63.68,11.43,N,5.37,Summer,Clear,2024,5,23,Thursday
26-05-2024,Bangalore,32.27,20.1,26.18,12.69,11.31,05:39,18:20,88,Low,85.98,145.96,12.8,13.8,11.8,41.06,10.33,48.3,14.89,E,8.5,Summer,Clear,2024,5,26,Sunday
27-05-2024,Bangalore,28.49,21.7,25.1,12.69,11.31,05:39,18:20,92,Low,87.82,172.61,12.7,13.7,11.7,56.77,9.3,43.66,19.78,SE,12.95,Summer,Clear,2024,5,27,Monday
30-05-2024,Bangalore,27.48,15.8,21.64,12.71,11.29,05:38,18:21,39,Low,36.29,66.05,14.03,15.03,13.03,49.42,9.93,59.03,10.33,NE,0.04,Summer,Clear,2024,5,30,Thursday
03-06-2024,Bangalore,33.2,15.45,24.33,12.73,11.27,05:38,18:21,92,Low,97.99,160.07,12.7,13.7,11.7,67.41,4.41,73.14,13,NW,173.4,Monsoon,Storm,2024,6,3,Monday
04-06-2024,Bangalore,30.14,17.57,23.86,12.73,11.27,05:38,18:21,27,Low,33.14,56.51,14.32,15.32,13.32,77.27,0.76,66.24,6.43,NE,185.9,Monsoon,Storm,2024,6,4,Tuesday
07-06-2024,Bangalore,31.59,21.47,26.53,12.74,11.26,05:37,18:22,27,Low,32.97,49.48,14.32,15.32,13.32,61.52,3.44,82.54,15.68,SW,164.45,Monsoon,Storm,2024,6,7,Friday
11-06-2024,Bangalore,33.69,24.34,29.01,12.75,11.25,05:37,18:22,51,Low,59.47,93.24,13.72,14.72,12.72,78.66,1.52,94.14,11.44,SE,166.43,Monsoon,Storm,2024,6,11,Tuesday
17-06-2024,Bangalore,28.05,17.56,22.81,12.76,11.24,05:37,18:22,73,Low,83.44,125.81,13.18,14.18,12.18,63.33,2.47,65.96,18.17,S,149.21,Monsoon,Rainy,2024,6,17,Monday
18-06-2024,Bangalore,32.65,15.22,23.94,12.76,11.24,05:37,18:22,74,Low,75.15,123.05,13.15,14.15,12.15,79.02,3.58,90.89,19.7,W,158.23,Monsoon,Storm,2024,6,18,Tuesday
22-06-2024,Bangalore,33.82,20.75,27.29,12.76,11.24,05:37,18:22,52,Low,65.82,110.72,13.7,14.7,12.7,84.15,3.35,86.56,5.75,N,87.38,Monsoon,Rainy,2024,6,22,Saturday
28-06-2024,Bangalore,26.55,22.89,24.72,12.76,11.24,05:37,18:22,68,Low,62.27,97.08,13.3,14.3,12.3,92.93,2.64,77.26,16.85,N,168.09,Monsoon,Storm,2024,6,28,Friday
01-07-2024,Bangalore,33.15,15.85,24.5,12.75,11.25,05:37,18:22,69,Low,86.07,129.39,13.28,14.28,12.28,89.44,3.12,80.83,19.24,W,185.6,Monsoon,Storm,2024,7,1,Monday
09-07-2024,Bangalore,33.69,19.83,26.76,12.72,11.28,05:38,18:21,55,Low,60.24,95.01,13.62,14.62,12.62,86.62,3.53,81.79,15.93,NW,104.97,Monsoon,Rainy,2024,7,9,Tuesday
10-07-2024,Bangalore,31.44,18.35,24.89,12.72,11.28,05:38,18:21,34,Low,33.11,54.43,14.15,15.15,13.15,83.19,1.12,86.37,8.92,NE,80.79,Monsoon,Rainy,2024,7,10,Wednesday
11-07-2024,Bangalore,29.96,19.18,24.57,12.71,11.29,05:38,18:21,97,Low,100.07,186.85,12.57,13.57,11.57,98.58,1.25,81.88,15.71,SE,173.34,Monsoon,Storm,2024,7,11,Thursday
17-07-2024,Bangalore,28.7,17.79,23.24,12.68,11.32,05:39,18:20,39,Low,46.23,82.12,14.03,15.03,13.03,92.07,2.84,94.72,16.91,NW,80.05,Monsoon,Rainy,2024,7,17,Wednesday
18-07-2024,Bangalore,34.69,20.73,27.71,12.67,11.33,05:39,18:20,50,Low,49.82,96.21,13.75,14.75,12.75,76.45,3.39,79.21,10.15,SE,112.15,Monsoon,Rainy,2024,7,18,Thursday
26-07-2024,Bangalore,34.63,24.1,29.37,12.61,11.39,05:41,18:18,79,Low,86.75,155.27,13.03,14.03,12.03,90.17,2.01,68.83,7.25,N,52.75,Monsoon,Rainy,2024,7,26,Friday
02-08-2024,Bangalore,27.64,24.48,26.06,12.55,11.45,05:43,18:16,56,Low,63.04,123.17,13.6,14.6,12.6,80.88,2.51,65.61,8.51,SW,131.48,Monsoon,Rainy,2024,8,2,Friday
06-08-2024,Bangalore,30.79,21.47,26.13,12.51,11.49,05:44,18:15,82,Low,91.82,173.37,12.95,13.95,11.95,95.93,3.46,94.45,10.79,N,135.17,Monsoon,Rainy,2024,8,6,Tuesday
08-08-2024,Bangalore,32.87,21.2,27.03,12.49,11.51,05:45,18:14,37,Low,37.45,71.6,14.07,15.07,13.07,93.48,0.84,67.39,6.37,NW,79.84,Monsoon,Rainy,2024,8,8,Thursday
11-08-2024,Bangalore,29.27,16.35,22.81,12.46,11.54,05:46,18:13,108,Moderate,112.23,194.74,12.3,13.3,11.3,74.14,2.99,80.91,11.64,SE,189.22,Monsoon,Storm,2024,8,11,Sunday
15-08-2024,Bangalore,28.18,22.23,25.21,12.42,11.58,05:47,18:12,111,Moderate,102.14,193.65,12.22,13.22,11.22,94.3,0.6,88.1,10.44,SW,168,Monsoon,Storm,2024,8,15,Thursday
16-08-2024,Bangalore,32.38,21,26.69,12.41,11.59,05:47,18:12,41,Low,45.98,75.96,13.97,14.97,12.97,97.3,2.85,89.95,17.64,NW,135.17,Monsoon,Rainy,2024,8,16,Friday
17-08-2024,Bangalore,29.7,18.9,24.3,12.4,11.6,05:48,18:11,54,Low,65.34,118.14,13.65,14.65,12.65,77.56,3.46,84.95,14.12,NE,136.92,Monsoon,Rainy,2024,8,17,Saturday
19-08-2024,Bangalore,27.2,19.79,23.5,12.38,11.62,05:48,18:11,74,Low,90.79,150.87,13.15,14.15,12.15,79.4,3.32,93.44,17.53,E,137.52,Monsoon,Rainy,2024,8,19,Monday
27-08-2024,Bangalore,26.47,22.08,24.28,12.29,11.71,05:51,18:08,69,Low,69.19,112.45,13.28,14.28,12.28,96.58,2.85,70.4,19,NE,161.4,Monsoon,Storm,2024,8,27,Tuesday
28-08-2024,Bangalore,28.17,24.39,26.28,12.27,11.73,05:51,18:08,64,Low,63.17,96.45,13.4,14.4,12.4,79.6,0.7,82.94,14.37,NE,155.53,Monsoon,Storm,2024,8,28,Wednesday
30-08-2024,Bangalore,29.17,20.6,24.89,12.25,11.75,05:52,18:07,67,Low,68.64,136.11,13.32,14.32,12.32,83.66,0.64,93.09,5.51,S,162.39,Monsoon,Storm,2024,8,30,Friday
01-09-2024,Bangalore,32.02,17.79,24.91,12.23,11.77,05:53,18:06,72,Low,82.14,131.52,13.2,14.2,12.2,84.65,3.41,94.27,19.39,NW,125.7,Monsoon,Rainy,2024,9,1,Sunday
02-09-2024,Bangalore,27.08,18.11,22.6,12.21,11.79,05:53,18:06,94,Low,99.3,191.98,12.65,13.65,11.65,71.98,2.47,65.35,12.04,NE,198.98,Monsoon,Storm,2024,9,2,Monday
03-09-2024,Bangalore,26.17,18.68,22.42,12.2,11.8,05:53,18:06,34,Low,32.29,58.81,14.15,15.15,13.15,78.63,2.14,85.99,7.05,S,182.73,Monsoon,Storm,2024,9,3,Tuesday
05-09-2024,Bangalore,28.41,16.88,22.64,12.18,11.82,05:54,18:05,99,Low,103.91,203.39,12.53,13.53,11.53,84.34,2.71,68.64,11.79,S,159.16,Monsoon,Storm,2024,9,5,Thursday
12-09-2024,Bangalore,27.43,23.77,25.6,12.09,11.91,05:57,18:02,101,Moderate,96.86,188.87,12.47,13.47,11.47,63.47,2.69,70.77,6.94,NW,198.56,Monsoon,Storm,2024,9,12,Thursday
25-09-2024,Bangalore,30.23,21.33,25.78,11.93,12.07,06:02,17:57,88,Low,82.05,133.7,12.8,13.8,11.8,88.76,2.9,75.44,11.24,N,53.18,Monsoon,Rainy,2024,9,25,Wednesday
01-10-2024,Bangalore,25.17,21.18,23.17,11.86,12.14,06:04,17:55,35,Low,35.68,55.44,14.12,15.12,13.12,79.47,3.54,75.44,19.48,W,96.87,Monsoon,Rainy,2024,10,1,Tuesday
03-10-2024,Bangalore,29.16,17.65,23.41,11.83,12.17,06:04,17:55,54,Low,57.23,93.54,13.65,14.65,12.65,76.32,1.23,79.66,12.24,NE,141.03,Monsoon,Rainy,2024,10,3,Thursday
04-10-2024,Bangalore,28.41,20.42,24.41,11.82,12.18,06:05,17:54,85,Low,90.77,164.89,12.88,13.88,11.88,60.97,4.13,73.55,8.79,E,133.41,Monsoon,Rainy,2024,10,4,Friday
11-10-2024,Bangalore,31.69,22.47,27.08,11.74,12.26,06:07,17:52,90,Low,112.43,222.51,12.75,13.75,11.75,85.74,0.65,85.49,17.92,NW,198.56,Monsoon,Storm,2024,10,11,Friday
14-10-2024,Bangalore,26.45,23.37,24.91,11.7,12.3,06:08,17:51,29,Low,31.4,57.24,14.28,15.28,13.28,77.61,0.97,68.23,12.3,S,80.12,Monsoon,Rainy,2024,10,14,Monday
15-10-2024,Bangalore,31.25,23.27,27.26,11.69,12.31,06:09,17:50,81,Low,91.08,139.59,12.97,13.97,11.97,94.71,1.71,92.45,6.07,S,93.2,Monsoon,Rainy,2024,10,15,Tuesday
16-10-2024,Bangalore,33.94,23.88,28.91,11.68,12.32,06:09,17:50,100,Low,106.93,205.57,12.5,13.5,11.5,79.78,2.07,79.32,13.08,N,76.61,Monsoon,Rainy,2024,10,16,Wednesday
17-10-2024,Bangalore,27.58,18.66,23.12,11.67,12.33,06:09,17:50,64,Low,69.08,108.14,13.4,14.4,12.4,76.46,2.16,89.84,5.5,NW,171.57,Monsoon,Storm,2024,10,17,Thursday
21-10-2024,Bangalore,31.74,19.05,25.4,11.62,12.38,06:11,17:48,65,Low,70.09,135.76,13.38,14.38,12.38,79.02,1.87,71.82,17.91,SW,53.18,Monsoon,Rainy,2024,10,21,Monday
25-10-2024,Bangalore,30.42,21.9,26.16,11.58,12.42,06:12,17:47,67,Low,72.24,124.24,13.32,14.32,12.32,70.02,3.27,81.16,10,SE,111.64,Monsoon,Rainy,2024,10,25,Friday
28-10-2024,Bangalore,26.48,15.97,21.22,11.55,12.45,06:13,17:46,26,Low,31.21,53.41,14.35,15.35,13.35,87.2,0.86,80.6,11.91,N,53.25,Monsoon,Rainy,2024,10,28,Monday
29-10-2024,Bangalore,32.44,24.86,28.65,11.54,12.46,06:13,17:46,91,Low,90.05,146.09,12.72,13.72,11.72,94.04,1.88,71.35,19.43,S,139.69,Monsoon,Rainy,2024,10,29,Tuesday
02-11-2024,Bangalore,32.23,21.45,26.84,11.5,12.5,06:15,17:44,90,Low,95.55,166.17,12.75,13.75,11.75,95.89,3.27,85.43,19.65,SE,177.68,Monsoon,Storm,2024,11,2,Saturday
08-11-2024,Bangalore,32,20.02,26.01,11.44,12.56,06:16,17:43,39,Low,44.97,83.31,14.03,15.03,13.03,95,3.2,72.15,14.46,NE,92.44,Monsoon,Rainy,2024,11,8,Friday
12-11-2024,Bangalore,29.73,21.72,25.73,11.41,12.59,06:17,17:42,77,Low,84.65,144.57,13.07,14.07,12.07,85.91,1.96,82.67,19.53,SW,107.42,Monsoon,Rainy,2024,11,12,Tuesday
13-11-2024,Bangalore,25.84,18.47,22.15,11.4,12.6,06:18,17:41,61,Low,67.72,102.15,13.47,14.47,12.47,73.46,2.78,80.18,12.65,NW,91.06,Monsoon,Rainy,2024,11,13,Wednesday
04-12-2024,Bangalore,26.3,22.5,24.4,11.27,12.73,06:21,17:38,42,Low,38.93,74.73,13.95,14.95,12.95,57.58,5.61,67.05,14.99,NE,6.45,Winter,Clear,2024,12,4,Wednesday
06-12-2024,Bangalore,27.36,23.95,25.65,11.26,12.74,06:22,17:37,41,Low,46.58,74.84,13.97,14.97,12.97,52.81,5.63,50.58,6.33,E,6.08,Winter,Clear,2024,12,6,Friday
07-12-2024,Bangalore,34.54,24.21,29.38,11.26,12.74,06:22,17:37,36,Low,34.86,58.57,14.1,15.1,13.1,53.14,3.48,61.16,5.62,SE,12.23,Winter,Clear,2024,12,7,Saturday
08-12-2024,Bangalore,30.84,15.49,23.16,11.25,12.75,06:22,17:37,82,Low,84.34,160.25,12.95,13.95,11.95,54.93,4.34,48.23,19.87,S,19.94,Winter,Clear,2024,12,8,Sunday
09-12-2024,Bangalore,32.13,16.64,24.39,11.25,12.75,06:22,17:37,94,Low,116,212.72,12.65,13.65,11.65,44.62,2.77,65.32,17.31,SW,13.15,Winter,Clear,2024,12,9,Monday
12-12-2024,Bangalore,32.83,20.44,26.63,11.24,12.76,06:22,17:37,44,Low,43.89,71.35,13.9,14.9,12.9,32.08,1.39,41.17,15.7,NW,16.12,Winter,Clear,2024,12,12,Thursday
15-12-2024,Bangalore,25.04,15.47,20.25,11.24,12.76,06:22,17:37,28,Low,30.39,55.39,14.3,15.3,13.3,21.57,2.95,66.51,19.1,NE,5.95,Winter,Clear,2024,12,15,Sunday
17-12-2024,Bangalore,29.27,20.55,24.91,11.24,12.76,06:22,17:37,34,Low,37.23,70.55,14.15,15.15,13.15,35.35,4.93,40.15,19.61,NW,16.01,Winter,Clear,2024,12,17,Tuesday
26-12-2024,Bangalore,25.6,23.12,24.36,11.24,12.76,06:22,17:37,50,Low,57.06,101.31,13.75,14.75,12.75,30.02,1.19,44.15,7.2,NE,12.27,Winter,Clear,2024,12,26,Thursday
04-01-2025,Bangalore,34.17,24.98,29.58,11.26,12.74,06:22,17:37,92,Low,100.25,164.75,12.7,13.7,11.7,37.33,5.15,68.74,19.63,SW,14.79,Winter,Clear,2025,1,4,Saturday
13-01-2025,Bangalore,33.73,17.27,25.5,11.3,12.7,06:20,17:39,29,Low,30.72,53.64,14.28,15.28,13.28,55.91,3.35,41.39,9.76,E,4.03,Winter,Clear,2025,1,13,Monday
19-01-2025,Bangalore,31.23,21.53,26.38,11.34,12.66,06:19,17:40,101,Moderate,99.25,156.64,12.47,13.47,11.47,56.65,2.92,32.3,9.96,E,11.99,Winter,Clear,2025,1,19,Sunday
22-01-2025,Bangalore,29.48,18.46,23.97,11.36,12.64,06:19,17:40,50,Low,60.45,115.09,13.75,14.75,12.75,20.98,1.66,52.2,13.87,W,19.41,Winter,Clear,2025,1,22,Wednesday
23-01-2025,Bangalore,31.33,15.53,23.43,11.37,12.63,06:18,17:41,42,Low,51.87,98.44,13.95,14.95,12.95,36.07,2.73,56.33,5.29,S,17.1,Winter,Clear,2025,1,23,Thursday
25-01-2025,Bangalore,33.25,16.43,24.84,11.38,12.62,06:18,17:41,50,Low,57.86,103.25,13.75,14.75,12.75,38.23,5.74,62.37,17.71,N,9.94,Winter,Clear,2025,1,25,Saturday
27-01-2025,Bangalore,28.33,19,23.67,11.4,12.6,06:17,17:42,60,Low,68.1,123.47,13.5,14.5,12.5,33.96,4.23,54.35,10.93,W,19.38,Winter,Clear,2025,1,27,Monday
28-01-2025,Bangalore,33.18,20.68,26.93,11.41,12.59,06:17,17:42,35,Low,33.78,53.65,14.12,15.12,13.12,14.35,2.48,68.01,7.9,E,11.26,Winter,Clear,2025,1,28,Tuesday
30-01-2025,Bangalore,30.54,18.83,24.68,11.43,12.57,06:17,17:42,42,Low,44.15,80.42,13.95,14.95,12.95,54.74,2.03,49.19,9.39,SW,5.49,Winter,Clear,2025,1,30,Thursday
01-02-2025,Bangalore,28.46,22.47,25.46,11.44,12.56,06:16,17:43,94,Low,106.22,179.33,12.65,13.65,11.65,50.22,5.95,69.97,14.9,SE,17.79,Winter,Clear,2025,2,1,Saturday
02-02-2025,Bangalore,32.33,18.89,25.61,11.45,12.55,06:16,17:43,72,Low,68.97,108.42,13.2,14.2,12.2,30.62,1.77,54.94,8.98,SW,18.62,Winter,Clear,2025,2,2,Sunday
03-02-2025,Bangalore,27.55,21.14,24.34,11.46,12.54,06:16,17:43,92,Low,115.05,175.36,12.7,13.7,11.7,62.83,2.64,41.36,9.35,W,12,Winter,Clear,2025,2,3,Monday
05-02-2025,Bangalore,27.7,16.45,22.07,11.48,12.52,06:15,17:44,76,Low,82.34,130.43,13.1,14.1,12.1,11.01,3.6,30.82,15.44,SW,9.22,Winter,Clear,2025,2,5,Wednesday
09-02-2025,Bangalore,34.42,16.79,25.61,11.52,12.48,06:14,17:45,36,Low,39.29,59.96,14.1,15.1,13.1,50.96,2.04,63.62,11.93,SE,12.46,Winter,Clear,2025,2,9,Sunday
12-02-2025,Bangalore,34.1,18.27,26.19,11.55,12.45,06:13,17:46,76,Low,74.89,148.22,13.1,14.1,12.1,34.88,1.41,40.09,14.1,E,14.95,Winter,Clear,2025,2,12,Wednesday
15-02-2025,Bangalore,26.04,23.36,24.7,11.58,12.42,06:12,17:47,87,Low,103.31,182.53,12.82,13.82,11.82,46.01,4.55,61.87,9.56,S,0.51,Winter,Clear,2025,2,15,Saturday
16-02-2025,Bangalore,30.09,22.47,26.28,11.6,12.4,06:12,17:47,74,Low,71.63,128.98,13.15,14.15,12.15,41.91,1.31,32.64,16.5,NE,4.3,Winter,Clear,2025,2,16,Sunday
17-02-2025,Bangalore,32.19,23.82,28,11.61,12.39,06:11,17:48,76,Low,87.56,134.28,13.1,14.1,12.1,51.91,4.9,36.69,9.95,E,16.16,Winter,Clear,2025,2,17,Monday
21-02-2025,Bangalore,28.22,20.58,24.4,11.65,12.35,06:10,17:49,116,Moderate,107.52,173.31,12.1,13.1,11.1,15.38,1.63,69.69,17.4,W,11.98,Winter,Clear,2025,2,21,Friday
25-02-2025,Bangalore,33.65,19.45,26.55,11.7,12.3,06:09,17:50,76,Low,94.27,182.29,13.1,14.1,12.1,33.89,2.51,64.14,16.94,E,11.48,Winter,Clear,2025,2,25,Tuesday
28-02-2025,Bangalore,28.36,15.03,21.69,11.73,12.27,06:08,17:51,121,Moderate,116.36,208.99,11.97,12.97,10.97,20.25,2.56,32.66,9.81,S,16.51,Winter,Clear,2025,2,28,Friday
02-03-2025,Bangalore,31.59,21.23,26.41,11.76,12.24,06:07,17:52,68,Low,74.51,119.64,13.3,14.3,12.3,17.64,9.6,48.72,6.1,E,10.87,Summer,Clear,2025,3,2,Sunday
06-03-2025,Bangalore,28.78,22.1,25.44,11.8,12.2,06:05,17:54,28,Low,31.8,56.77,14.3,15.3,13.3,66.46,9.08,37.62,19.96,N,0.18,Summer,Clear,2025,3,6,Thursday
09-03-2025,Bangalore,30.25,20.44,25.34,11.84,12.16,06:04,17:55,57,Low,65.27,108.02,13.57,14.57,12.57,21.52,7.9,48.39,9.07,E,6.87,Summer,Clear,2025,3,9,Sunday
15-03-2025,Bangalore,29.49,21.53,25.51,11.91,12.09,06:02,17:57,91,Low,107.05,175.95,12.72,13.72,11.72,10.59,9.71,65.78,12.16,SW,7.58,Summer,Clear,2025,3,15,Saturday
26-03-2025,Bangalore,26.61,18.21,22.41,12.05,11.95,05:58,18:01,47,Low,50.25,97.42,13.82,14.82,12.82,48.38,8.98,53.75,5.27,N,11.26,Summer,Clear,2025,3,26,Wednesday
27-03-2025,Bangalore,28.35,16.84,22.59,12.06,11.94,05:58,18:01,88,Low,91.21,139.41,12.8,13.8,11.8,30.13,8.3,67.95,18.85,E,4.21,Summer,Clear,2025,3,27,Thursday
28-03-2025,Bangalore,29.17,24.63,26.9,12.07,11.93,05:57,18:02,32,Low,32.18,53.19,14.2,15.2,13.2,65.83,9.38,40.26,17.02,N,17.82,Summer,Clear,2025,3,28,Friday
02-04-2025,Bangalore,28.97,17.12,23.05,12.14,11.86,05:55,18:04,106,Moderate,112.01,220.28,12.35,13.35,11.35,44.38,7.1,34.39,10.95,S,0.13,Summer,Clear,2025,4,2,Wednesday
03-04-2025,Bangalore,28.03,22.14,25.09,12.15,11.85,05:55,18:04,34,Low,35,61.06,14.15,15.15,13.15,28.26,9.73,46.21,17.71,NW,12.35,Summer,Clear,2025,4,3,Thursday
04-04-2025,Bangalore,31.94,24.32,28.13,12.16,11.84,05:55,18:04,80,Low,94.55,177.98,13,14,12,25.38,9.11,49.4,9.36,E,8.39,Summer,Clear,2025,4,4,Friday
08-04-2025,Bangalore,31.88,19.7,25.79,12.21,11.79,05:53,18:06,65,Low,71.29,142,13.38,14.38,12.38,63.68,8.99,42.74,14,SE,7.25,Summer,Clear,2025,4,8,Tuesday
10-04-2025,Bangalore,26.81,20.41,23.61,12.23,11.77,05:53,18:06,57,Low,54.72,102.07,13.57,14.57,12.57,40.75,9.85,59.21,11.34,E,14.3,Summer,Clear,2025,4,10,Thursday
19-04-2025,Bangalore,31.51,17.59,24.55,12.34,11.66,05:49,18:10,34,Low,36.28,61.92,14.15,15.15,13.15,14.41,7.89,59.11,16.23,W,5.13,Summer,Clear,2025,4,19,Saturday
20-04-2025,Bangalore,29.37,22.05,25.71,12.35,11.65,05:49,18:10,79,Low,81.07,160.15,13.03,14.03,12.03,18.58,10.7,44.12,6.56,SE,0.3,Summer,Clear,2025,4,20,Sunday
26-04-2025,Bangalore,28.88,17.26,23.07,12.42,11.58,05:47,18:12,116,Moderate,106.2,175.69,12.1,13.1,11.1,23.48,10.24,35.13,18.18,SW,0.77,Summer,Clear,2025,4,26,Saturday
28-04-2025,Bangalore,25.71,15.32,20.52,12.44,11.56,05:46,18:13,81,Low,97.01,151.98,12.97,13.97,11.97,25.82,7.26,31.99,10.53,NW,0.45,Summer,Clear,2025,4,28,Monday
04-05-2025,Bangalore,33.33,18.26,25.8,12.5,11.5,05:45,18:14,95,Low,95.51,147.74,12.62,13.62,11.62,18.18,10.59,59.99,8.64,SE,6.33,Summer,Clear,2025,5,4,Sunday
08-05-2025,Bangalore,28.53,24.5,26.52,12.54,11.46,05:43,18:16,89,Low,82.06,138.1,12.78,13.78,11.78,69.81,8.07,33.79,17.77,NW,6.58,Summer,Clear,2025,5,8,Thursday
11-05-2025,Bangalore,26.66,22.31,24.48,12.56,11.44,05:43,18:16,74,Low,77.2,153.66,13.15,14.15,12.15,18.72,10.19,54.16,17.85,W,0.5,Summer,Clear,2025,5,11,Sunday
17-05-2025,Bangalore,29.82,22.83,26.33,12.62,11.38,05:41,18:18,39,Low,43.06,75.18,14.03,15.03,13.03,55.13,7.32,31.78,14.85,S,12.23,Summer,Clear,2025,5,17,Saturday
18-05-2025,Bangalore,25.18,23.32,24.25,12.62,11.38,05:41,18:18,40,Low,45.72,80.37,14,15,13,53.48,8.14,42.85,16.29,N,14.45,Summer,Clear,2025,5,18,Sunday
19-05-2025,Bangalore,25.31,17.83,21.57,12.63,11.37,05:41,18:18,64,Low,74.88,114,13.4,14.4,12.4,54.38,8.01,69.07,8.91,S,18.69,Summer,Clear,2025,5,19,Monday
20-05-2025,Bangalore,31.46,16.18,23.82,12.64,11.36,05:40,18:19,126,Moderate,115.35,185.99,11.85,12.85,10.85,10.13,10.55,60.86,9.05,N,9.91,Summer,Clear,2025,5,20,Tuesday
27-05-2025,Bangalore,31.68,23.06,27.37,12.69,11.31,05:39,18:20,42,Low,44.77,77.07,13.95,14.95,12.95,29.05,8.44,49.27,15.04,N,6.24,Summer,Clear,2025,5,27,Tuesday
01-06-2025,Bangalore,31.33,17.32,24.32,12.71,11.29,05:38,18:21,105,Moderate,110.77,213.95,12.38,13.38,11.38,88.29,2.61,76.31,7.94,W,114.99,Monsoon,Rainy,2025,6,1,Sunday
15-06-2025,Bangalore,31.71,17.52,24.62,12.76,11.24,05:37,18:22,31,Low,31.67,58.58,14.22,15.22,13.22,97.89,2.39,80.77,14.87,NW,111.62,Monsoon,Rainy,2025,6,15,Sunday
16-06-2025,Bangalore,25.64,16.66,21.15,12.76,11.24,05:37,18:22,58,Low,57.09,101.02,13.55,14.55,12.55,70.25,1.36,75.69,19.23,NE,98.19,Monsoon,Rainy,2025,6,16,Monday
17-06-2025,Bangalore,31.35,16.56,23.96,12.76,11.24,05:37,18:22,94,Low,95,176.8,12.65,13.65,11.65,64.27,5.08,77.24,14.83,SW,70.21,Monsoon,Rainy,2025,6,17,Tuesday
23-06-2025,Bangalore,30.07,18.43,24.25,12.76,11.24,05:37,18:22,50,Low,46.58,72.35,13.75,14.75,12.75,98.47,2.25,66.8,16.95,N,79.95,Monsoon,Rainy,2025,6,23,Monday
26-06-2025,Bangalore,25.44,20.67,23.05,12.76,11.24,05:37,18:22,53,Low,65.84,124.17,13.68,14.68,12.68,80.91,2.25,88.97,6.46,E,110.25,Monsoon,Rainy,2025,6,26,Thursday
28-06-2025,Bangalore,26.32,21.77,24.05,12.76,11.24,05:37,18:22,91,Low,90.75,180.56,12.72,13.72,11.72,64.18,3.25,90.72,9.31,NW,123.99,Monsoon,Rainy,2025,6,28,Saturday
02-07-2025,Bangalore,26.05,22.64,24.34,12.75,11.25,05:37,18:22,70,Low,75.97,135.11,13.25,14.25,12.25,86.92,1.9,68.48,17.25,W,119.05,Monsoon,Rainy,2025,7,2,Wednesday
05-07-2025,Bangalore,26.96,17.05,22.01,12.74,11.26,05:37,18:22,82,Low,88.12,169.45,12.95,13.95,11.95,99.61,2.83,94.98,16.09,NW,159.04,Monsoon,Storm,2025,7,5,Saturday
12-07-2025,Bangalore,27.48,23.34,25.41,12.71,11.29,05:38,18:21,54,Low,66.46,131.66,13.65,14.65,12.65,76.21,1.23,81.68,13.89,S,115.38,Monsoon,Rainy,2025,7,12,Saturday
13-07-2025,Bangalore,32.56,21.45,27,12.71,11.29,05:38,18:21,44,Low,51.1,95.34,13.9,14.9,12.9,93.71,2.04,85.72,12.97,NE,76.28,Monsoon,Rainy,2025,7,13,Sunday
17-07-2025,Bangalore,28.03,19.95,23.99,12.68,11.32,05:39,18:20,43,Low,41.88,82.83,13.93,14.93,12.93,91.69,2.08,81.15,9.5,W,150.2,Monsoon,Storm,2025,7,17,Thursday
18-07-2025,Bangalore,26.6,21.48,24.04,12.68,11.32,05:39,18:20,97,Low,113.65,179.2,12.57,13.57,11.57,71.76,1.36,89.21,14.3,NW,115.04,Monsoon,Rainy,2025,7,18,Friday
21-07-2025,Bangalore,30.36,15.6,22.98,12.66,11.34,05:40,18:19,35,Low,37.33,68,14.12,15.12,13.12,60.4,3.41,85.36,11.22,E,195.65,Monsoon,Storm,2025,7,21,Monday
29-07-2025,Bangalore,26.07,24.23,25.15,12.59,11.41,05:42,18:17,89,Low,102.45,165.46,12.78,13.78,11.78,83.38,1.86,73.9,19.54,SW,54.8,Monsoon,Rainy,2025,7,29,Tuesday
31-07-2025,Bangalore,25.56,20.91,23.24,12.58,11.42,05:42,18:17,85,Low,107.25,186.65,12.88,13.88,11.88,98.64,3.34,74.71,19.24,W,86.42,Monsoon,Rainy,2025,7,31,Thursday
02-08-2025,Bangalore,33.26,18.52,25.89,12.56,11.44,05:43,18:16,100,Low,111.53,222.04,12.5,13.5,11.5,67.49,1.16,81.41,19.19,SE,89.08,Monsoon,Rainy,2025,8,2,Saturday
07-08-2025,Bangalore,34.26,16.63,25.44,12.51,11.49,05:44,18:15,66,Low,66.7,127.76,13.35,14.35,12.35,95.88,3.38,87.33,10.68,SE,109.22,Monsoon,Rainy,2025,8,7,Thursday
11-08-2025,Bangalore,26.74,24.13,25.43,12.47,11.53,05:45,18:14,32,Low,38.33,71.33,14.2,15.2,13.2,66.35,5.61,77.35,5.04,W,108.41,Monsoon,Rainy,2025,8,11,Monday
16-08-2025,Bangalore,33.94,23.84,28.89,12.42,11.58,05:47,18:12,51,Low,58.53,108.4,13.72,14.72,12.72,72.01,1.8,81.83,15.35,NE,163.82,Monsoon,Storm,2025,8,16,Saturday
20-08-2025,Bangalore,34.06,16.31,25.18,12.38,11.62,05:48,18:11,84,Low,81.42,132.46,12.9,13.9,11.9,67,3.98,85.67,17.54,S,60.54,Monsoon,Rainy,2025,8,20,Wednesday
27-08-2025,Bangalore,32.55,22.53,27.54,12.3,11.7,05:51,18:08,74,Low,76.61,149.03,13.15,14.15,12.15,80.24,1.27,81.4,13.17,SW,187.63,Monsoon,Storm,2025,8,27,Wednesday
28-08-2025,Bangalore,26.41,23.7,25.05,12.29,11.71,05:51,18:08,75,Low,90.83,181.37,13.12,14.12,12.12,75.81,2,91.31,17.91,W,86.1,Monsoon,Rainy,2025,8,28,Thursday
30-08-2025,Bangalore,30.22,16.93,23.58,12.26,11.74,05:52,18:07,117,Moderate,110.28,167.14,12.07,13.07,11.07,62.87,4.53,84.98,5.51,SW,57.58,Monsoon,Rainy,2025,8,30,Saturday
01-09-2025,Bangalore,33.42,19.66,26.54,12.24,11.76,05:52,18:07,36,Low,38.41,71.19,14.1,15.1,13.1,76.72,0.86,65.47,6.41,W,78.64,Monsoon,Rainy,2025,9,1,Monday
07-09-2025,Bangalore,27.67,21.3,24.49,12.17,11.83,05:55,18:04,84,Low,77.69,119.22,12.9,13.9,11.9,64.89,5.71,72.78,11.92,W,183.08,Monsoon,Storm,2025,9,7,Sunday
10-09-2025,Bangalore,28.11,19.9,24.01,12.13,11.87,05:56,18:03,102,Moderate,99.55,157.7,12.45,13.45,11.45,94.63,1,81.18,13.93,SW,162.42,Monsoon,Storm,2025,9,10,Wednesday
11-09-2025,Bangalore,29.49,19.22,24.36,12.12,11.88,05:56,18:03,43,Low,52.73,88.91,13.93,14.93,12.93,88.83,0.75,73.16,14.77,NW,87.74,Monsoon,Rainy,2025,9,11,Thursday
14-09-2025,Bangalore,27.21,15.82,21.52,12.08,11.92,05:57,18:02,55,Low,57.07,92.01,13.62,14.62,12.62,98.54,1.93,93.98,16.93,S,103.61,Monsoon,Rainy,2025,9,14,Sunday
17-09-2025,Bangalore,25.13,20.48,22.81,12.04,11.96,05:58,18:01,79,Low,96.9,155.86,13.03,14.03,12.03,80.25,1.74,78.26,11.6,E,73.39,Monsoon,Rainy,2025,9,17,Wednesday
18-09-2025,Bangalore,29.7,22.69,26.2,12.03,11.97,05:59,18:00,39,Low,39.47,74.38,14.03,15.03,13.03,78.82,1.23,87.03,13.05,N,161.25,Monsoon,Storm,2025,9,18,Thursday
20-09-2025,Bangalore,34.58,20.89,27.73,12.01,11.99,05:59,18:00,34,Low,30.99,47.42,14.15,15.15,13.15,74.12,3.51,66.38,9.78,N,60.79,Monsoon,Rainy,2025,9,20,Saturday
24-09-2025,Bangalore,29.1,21.34,25.22,11.96,12.04,06:01,17:58,30,Low,32.17,62.7,14.25,15.25,13.25,98.12,1.87,90.82,7.59,S,120.02,Monsoon,Rainy,2025,9,24,Wednesday
28-09-2025,Bangalore,33.16,19.03,26.09,11.91,12.09,06:02,17:57,95,Low,114.2,225.54,12.62,13.62,11.62,85.85,0.7,76.05,18.33,NW,193.48,Monsoon,Storm,2025,9,28,Sunday
29-09-2025,Bangalore,31.42,21.44,26.43,11.89,12.11,06:03,17:56,102,Moderate,111.2,195.06,12.45,13.45,11.45,97.96,3.42,87.27,10.73,SW,179.92,Monsoon,Storm,2025,9,29,Monday
08-10-2025,Bangalore,29.47,17.56,23.51,11.79,12.21,06:06,17:53,92,Low,89.46,150.49,12.7,13.7,11.7,68.18,1.42,68.49,14.3,NE,68.23,Monsoon,Rainy,2025,10,8,Wednesday
16-10-2025,Bangalore,26.47,16.6,21.54,11.69,12.31,06:09,17:50,32,Low,31.28,59.15,14.2,15.2,13.2,77.34,1.32,87.19,14.32,NW,74.3,Monsoon,Rainy,2025,10,16,Thursday
18-10-2025,Bangalore,26.78,22.57,24.68,11.67,12.33,06:09,17:50,28,Low,34.29,67.87,14.3,15.3,13.3,60.48,3.49,92.07,10.25,NE,136.92,Monsoon,Rainy,2025,10,18,Saturday
21-10-2025,Bangalore,30.8,17.25,24.03,11.63,12.37,06:10,17:49,33,Low,35.84,64.98,14.18,15.18,13.18,73.55,2.29,71.32,13.9,SE,143.37,Monsoon,Rainy,2025,10,21,Tuesday
26-10-2025,Bangalore,28.72,17.8,23.26,11.58,12.42,06:12,17:47,49,Low,54.63,86.72,13.78,14.78,12.78,82.76,1.75,84.01,9.89,SW,79.92,Monsoon,Rainy,2025,10,26,Sunday
05-11-2025,Bangalore,27.38,20.35,23.87,11.48,12.52,06:15,17:44,115,Moderate,112.7,207.69,12.12,13.12,11.12,62.52,4.11,75.55,7.83,SW,175.16,Monsoon,Storm,2025,11,5,Wednesday
07-11-2025,Bangalore,30.69,22.4,26.54,11.46,12.54,06:16,17:43,95,Low,100.53,165.96,12.62,13.62,11.62,90.46,3.56,89.58,5.12,S,143.14,Monsoon,Rainy,2025,11,7,Friday
08-11-2025,Bangalore,29.37,17.56,23.47,11.45,12.55,06:16,17:43,44,Low,40.79,79.78,13.9,14.9,12.9,71,3.1,66.15,9.41,NE,77.09,Monsoon,Rainy,2025,11,8,Saturday
09-11-2025,Bangalore,25.57,15.52,20.55,11.44,12.56,06:16,17:43,60,Low,68.47,134.6,13.5,14.5,12.5,79.74,2.69,68.06,9.07,NW,114.07,Monsoon,Rainy,2025,11,9,Sunday
10-11-2025,Bangalore,27.97,23.42,25.69,11.43,12.57,06:17,17:42,28,Low,30.93,56.24,14.3,15.3,13.3,93.39,2.28,84.73,5.47,E,94.76,Monsoon,Rainy,2025,11,10,Monday
13-11-2025,Bangalore,29.61,19.63,24.62,11.41,12.59,06:17,17:42,63,Low,78.94,144.9,13.43,14.43,12.43,73.73,2.61,82.65,8.42,S,125.3,Monsoon,Rainy,2025,11,13,Thursday
17-11-2025,Bangalore,28.17,24.63,26.4,11.37,12.63,06:18,17:41,60,Low,61.33,102.61,13.5,14.5,12.5,83.19,0.6,94.49,18.51,N,195.65,Monsoon,Storm,2025,11,17,Monday
19-11-2025,Bangalore,30.7,18.66,24.68,11.36,12.64,06:19,17:40,84,Low,104.63,177.86,12.9,13.9,11.9,73.53,1.35,81.38,13.91,SW,173.16,Monsoon,Storm,2025,11,19,Wednesday
23-11-2025,Bangalore,27.08,18.24,22.66,11.33,12.67,06:20,17:39,83,Low,87.29,169.41,12.93,13.93,11.93,86.57,1.34,87.89,18,NE,163.87,Monsoon,Storm,2025,11,23,Sunday
24-11-2025,Bangalore,29.36,15.44,22.4,11.32,12.68,06:20,17:39,42,Low,52.02,97.93,13.95,14.95,12.95,95.7,2.5,85.83,8.33,NW,72.1,Monsoon,Rainy,2025,11,24,Monday
03-12-2025,Bangalore,25.53,21.15,23.34,11.28,12.72,06:21,17:38,29,Low,34.27,61.9,14.28,15.28,13.28,23.44,5.27,49,8.81,SW,18.09,Winter,Clear,2025,12,3,Wednesday
08-12-2025,Bangalore,28.07,23.34,25.7,11.26,12.74,06:22,17:37,52,Low,57.79,98.54,13.7,14.7,12.7,53.47,4.23,31.56,9.24,W,2.33,Winter,Clear,2025,12,8,Monday
12-12-2025,Bangalore,27.96,24.45,26.2,11.25,12.75,06:22,17:37,123,Moderate,118.89,206.48,11.93,12.93,10.93,13.51,1.71,41.89,17.57,S,14.73,Winter,Clear,2025,12,12,Friday
13-12-2025,Bangalore,32.31,21.64,26.98,11.24,12.76,06:22,17:37,43,Low,41.76,76,13.93,14.93,12.93,51.07,1.1,30.53,15.6,NW,17.21,Winter,Clear,2025,12,13,Saturday
14-12-2025,Bangalore,31.36,16.48,23.92,11.24,12.76,06:22,17:37,103,Moderate,98.95,151.81,12.43,13.43,11.43,65.42,2.7,57.55,12.54,S,5.24,Winter,Clear,2025,12,14,Sunday
18-12-2025,Bangalore,29.63,16.58,23.1,11.24,12.76,06:22,17:37,89,Low,83.13,155.57,12.78,13.78,11.78,53.14,5,50.4,12.4,SW,17.02,Winter,Clear,2025,12,18,Thursday
20-12-2025,Bangalore,26.15,19.38,22.77,11.24,12.76,06:22,17:37,107,Moderate,105.82,190.3,12.32,13.32,11.32,34.24,4.27,68.57,5.28,NE,3.71,Winter,Clear,2025,12,20,Saturday
21-12-2025,Bangalore,26.27,22.82,24.55,11.24,12.76,06:22,17:37,95,Low,117.12,194.42,12.62,13.62,11.62,21.54,4.76,30.7,19.06,SE,7.22,Winter,Clear,2025,12,21,Sunday
23-12-2025,Bangalore,25.87,20.58,23.23,11.24,12.76,06:22,17:37,45,Low,52.85,82.95,13.88,14.88,12.88,36.05,1.68,32.61,9.09,NE,11.56,Winter,Clear,2025,12,23,Tuesday
